,Accuracy,MCC,F1
knn,0.8090909090909091,0.513205391695839,0.7989883592017737
svm,0.9772727272727273,0.9451890389839106,0.9771132115601437
mlp,0.7681818181818182,0.4020047036006941,0.7550353614183399
stack,0.8818181818181818,0.7168069159098094,0.8716179653679653
