,Accuracy,MCC,F1
knn,0.8090909090909091,0.513205391695839,0.7989883592017737
svm,0.9772727272727273,0.9451890389839106,0.9771132115601437
mlp,0.7727272727272727,0.4125812950947179,0.7589531680440773
stack,0.8772727272727273,0.705610890403457,0.8661034882837769
